{"2017_mc_mass2mu_ewk2_phi_pos_1_80_100_peakerr": 0.005050382978299961, "2017_mc_mass2mu_ewk2_phi_pos_1_80_100_peak": 91.08040681112868, "2017_mc_mass2mu_ewk2_phi_pos_1_80_100_mean": 90.61674908290308}